title,remote,company_website,resume_match_score,internship,apply_link,match_explanation,experience_required,full_job_description,timestamp,salary,benefits,job_id,skills,required_technologies,location,posting_date,education_requirement,company,application_deadline,source,recruiter_name,summary
Database Engineer,False,,75.0,False,https://in.linkedin.com/jobs/view/database-engineer-at-bebo-technologies-4430374182,"The job's location in Chandigarh, India, is a perfect match for the candidate's preference. The 'Database Engineer' role strongly aligns with the candidate's core skills in SQL and PostgreSQL, which are essential for data engineering. Although the job title isn't 'Data Engineer' explicitly, the foundational skills are highly relevant. As no experience requirement is specified, it is assumed to be potentially suitable for a fresh graduate.",Unknown,"Database Engineer at bebo Technologies in Chandigarh, India",2026-07-03T14:02:37.182600,,,li_0b9da3f1,,,"Chandigarh, India",2026-07-03T14:02:37.182600,,Bebo Technologies,,LinkedIn,,"- The job is for a Database Engineer at bebo Technologies, located in Chandigarh, India.
- The role focuses on database engineering, aligning with the candidate's strong SQL and PostgreSQL skills.
- The physical location in India is a direct match for the candidate's preference."
Data Engineer II,False,,0.0,False,https://in.linkedin.com/jobs/view/data-engineer-ii-at-zafin-4412900268,"The 'Data Engineer II' title typically indicates a requirement for more than 2 years of experience, which does not align with a fresh graduate's profile. Therefore, the resume match score is 0.",Unknown,"Data Engineer II at Zafin in Thiruvananthapuram, Kerala, India",2026-07-03T14:02:37.182600,,,li_b2774aa8,,,"Thiruvananthapuram, Kerala, India",2026-07-03T14:02:37.182600,,Zafin,,LinkedIn,,"- The role is for a Data Engineer II at Zafin.
- The position is located in Thiruvananthapuram, Kerala, India.
- The candidate is a fresh graduate seeking entry-level or junior roles."
Data Engineer,False,,90.0,False,https://in.linkedin.com/jobs/view/data-engineer-at-accenture-in-india-4404506114,"The job title 'Data Engineer' and its location in India are an excellent match for the candidate's profile as a fresh graduate seeking an entry-level role. The candidate's skills in Python, SQL, and Spark are highly relevant. The experience requirement is not explicitly stated as more than 2 years, so it's considered a strong potential fit.",Unknown,"Data Engineer at Accenture in India in Bhubaneswar, Odisha, India",2026-07-03T14:02:37.182600,,,li_6dd633b6,,,"Bhubaneswar, Odisha, India",2026-07-03T14:02:37.182600,,Accenture In India,,LinkedIn,,"- The job is for a Data Engineer at Accenture located in Bhubaneswar, Odisha, India.
- The location in India aligns with the candidate's preference for physical roles in India.
- The job title 'Data Engineer' directly matches the candidate's career interest and skills."
Data Platform Engineer,False,,,False,https://in.linkedin.com/jobs/view/data-platform-engineer-at-accenture-in-india-4359417930,,Unknown,"Data Platform Engineer at Accenture in India in Coimbatore, Tamil Nadu, India",2026-07-03T14:02:37.182600,,,li_ac7cc21b,,,"Coimbatore, Tamil Nadu, India",2026-07-03T14:02:37.182600,,Accenture In India,,LinkedIn,,
Data Engineer,False,,,False,https://in.linkedin.com/jobs/view/data-engineer-at-prodege-llc-4414635573,,Unknown,"Data Engineer at Prodege, LLC in Itanagar, Arunachal Pradesh, India",2026-07-03T14:02:37.182600,,,li_53808127,,,"Itanagar, Arunachal Pradesh, India",2026-07-03T14:02:37.182600,,"Prodege, Llc",,LinkedIn,,
Data Engineer,False,,,False,https://in.linkedin.com/jobs/view/data-engineer-at-ziki-4116556690,,Unknown,Data Engineer at Ziki in Mumbai Metropolitan Region,2026-07-03T14:02:37.182600,,,li_42db45d8,,,Mumbai Metropolitan Region,2026-07-03T14:02:37.182600,,Ziki,,LinkedIn,,
Data Engineer - L2,False,,,False,https://in.linkedin.com/jobs/view/data-engineer-l2-at-forbes-advisor-4424744854,,Unknown,Data Engineer - L2 at Forbes Advisor in Mumbai Metropolitan Region,2026-07-03T14:02:37.182600,,,li_0cd58e7d,,,Mumbai Metropolitan Region,2026-07-03T14:02:37.182600,,Forbes Advisor,,LinkedIn,,
Data Engineer,False,,,False,https://in.linkedin.com/jobs/view/data-engineer-at-jade-global-4414649060,,Unknown,"Data Engineer at Jade Global in Hyderabad, Telangana, India",2026-07-03T14:02:37.182600,,,li_39f0a410,,,"Hyderabad, Telangana, India",2026-07-03T14:02:37.182600,,Jade Global,,LinkedIn,,
Data Engineer,False,,,False,https://in.linkedin.com/jobs/view/data-engineer-at-infynd-4426923861,,Unknown,"Data Engineer at InFynd in Coimbatore South, Tamil Nadu, India",2026-07-03T14:02:37.182600,,,li_5d9f3a08,,,"Coimbatore South, Tamil Nadu, India",2026-07-03T14:02:37.182600,,Infynd,,LinkedIn,,
Data Engineer,False,,,False,https://in.linkedin.com/jobs/view/data-engineer-at-dynatech-systems-4432182603,,Unknown,"Data Engineer at DynaTech Systems in Ahmedabad, Gujarat, India",2026-07-03T14:02:37.182600,,,li_ce893b6d,,,"Ahmedabad, Gujarat, India",2026-07-03T14:02:37.182600,,Dynatech Systems,,LinkedIn,,
Data Engineer,False,,0.0,False,https://in.linkedin.com/jobs/view/data-engineer-at-konovo-4436422082,"The job explicitly requires 5+ years of experience in building and operating production data pipelines, which far exceeds the candidate's entry-level profile. Therefore, the resume match score is 0.",Unknown,"Konovo is a global healthcare intelligence company on a mission to transform research through technology- enabling faster, better, connected insights.Konovo provides healthcare organisations with access to over 2 million healthcare professionals—the largest network of its kind globally. With a workforce of over 200 employees across 5 countries: India, Bosnia and Herzegovina, the United Kingdom, Mexico, and the United States, we collaborate to support some of the most prominent names in healthcare. Our customers include over 300 global pharmaceutical companies, medical device manufacturers, research agencies, and consultancy firms.As we transition from a service-oriented model to a product-driven platform, we are expanding our hybrid Bengaluru team. We are looking for an experienced data engineer to contribute to our mission by deep-diving into business problems, building out our data lakehouse and contributing to our advanced analytics. As a Konovo engineer, you will unlock the power of our data, learn a breadth of technologies and aspects of data engineering, help us optimize and solve some of our greatest challenges!How You'll Make an ImpactBuild and own production-grade batch ELT pipelines in Databricks/Spark (15-minute cadence during working hours; hourly off-hours) Design, scale, and operate our lakehouse using medallion patterns (Bronze/Silver/Gold), including incremental loads, backfills, and late-arriving data handling Create curated, well-documented data products that are reusable across teams and trusted for decision-making Improve reliability through automated testing, monitoring/alerting, and clear SLAs for critical pipelines and tables Partner with engineering and business stakeholders to translate needs into durable data models (not one-off extracts) Ensure data governance and security expectations are met through disciplined implementation (access controls, lineage, and quality standards) What We're Looking For5+ years building and operating production data pipelines (data engineering—not primarily BI/analytics or data science) Strong SQL plus strong data modeling skills (dimensional and/or lakehouse modeling) Hands-on Databricks + Spark experience in production (debugging, performance tuning, cost awareness) Experience building batch ELT at frequent cadence (e.g., 15-minute schedules), including idempotency, backfills, and late-arriving data patterns Experience with orchestration and transformation tooling (e.g., Airflow + dbt) and modern development practices (version control, CI/CD) Strong data quality discipline: automated tests/expectations, monitoring/alerting, and clear SLAs for critical datasets Ownership mindset: you build it, you run it (triage, incident response, continuous improvement) Clear written and verbal communication for engineering work (requirements clarification, design docs, tradeoffs) Comfortable working hybrid in Bengaluru (Whitefield) and overlapping 3–4 hours with EST Bonus Points:Deep Delta Lake experience (schema evolution, OPTIMIZE/Z-ORDER, compaction, partitioning strategy) CDC ingestion patterns (e.g., Debezium/Fivetran/HVR or custom CDC) and handling late/out-of-order events Streaming or near-real-time pipelines (Structured Streaming, Kafka, Auto Loader) even if the core role is batch Strong observability practices for data systems (metrics, lineage, data contracts, incident postmortems) Cost and performance optimization in Databricks (cluster sizing, job tuning, Photon, caching strategies) Experience building governed data products for multi-tenant consumption (RBAC, PII handling, auditability) Exposure to healthcare, life sciences, or market research data and related compliance considerations Why Join Konovo?Be part of a mission-driven organization that is shaping the future of healthcare decision-making. Join a fast-growing global team with opportunities for professional growth and advancement. Enjoy a collaborative and hybrid work environment that fosters innovation and flexibility. Experience a workplace that puts employees first, offering a workplace designed for growth, well-being, and balance. Become a part of an organization that prioritizes your well-being with comprehensive benefits, including group medical coverage, accident insurance, and a robust leave policy. Make a real-world impact by helping healthcare organizations innovate faster. If you're eager to build a meaningful career in healthcare market research — and you're smart, nice, and driven to make an impact — we'd love to hear from you!Apply now to be part of our journey.",2026-07-03T15:20:23.682539,,,li_5e7ee87b,,,"Bengaluru, Karnataka, India",2026-07-03T15:20:23.682539,,Konovo,,LinkedIn,,"- This is a Data Engineer role at Konovo, a global healthcare intelligence company, located in Bengaluru, India.
- The position focuses on building and owning production-grade batch ELT pipelines using Databricks/Spark and designing a data lakehouse.
- Key requirements include 5+ years of experience in production data pipelines, strong SQL, data modeling, and hands-on Databricks/Spark experience."
Data Engineer II,False,,,False,https://in.linkedin.com/jobs/view/data-engineer-ii-at-phenom-4436726850,,Unknown,"Job RequirementsPhenom Intro:Our purpose is to help a billion people find the right job! Phenom is an AI-Powered talent experience platform that is redefining the HR tech space. We have grown into a global organization with offices in 6 countries and over 2,000 employees. As an HR tech unicorn organization, innovation and creativity is within our DNA. Come help us make every talent moment Phenomenal!Job SummaryPhenom People is looking for an experienced Data Engineer to optimize and enhance our data pipelines that power insights across the organization. This role focuses on improving performance, ensuring data quality, automating pipeline development, and enabling data sharing through scalable and secure mechanisms.The ideal candidate will have strong expertise in PySpark, SQL optimization, and experience with data sharing platforms such as DataHub. You’ll collaborate closely with data engineering, platform, and analytics teams to modernize our data ecosystem built on Airflow, Livy, EMR, Flink, Iceberg, and Snowflake.If you’re passionate about performance tuning, automation, and building resilient data systems — we’d love to hear from you.What You’ll DoOptimize existing data pipelines built using PySpark for performance and scalability.Review and tune SQL queries to improve execution time and resource utilization.Design and develop new batch data pipelines that meet evolving business needs (real-time decisioning is not required; systems can tolerate up to 6 hours of delay).Automate pipeline generation and metadata management to streamline development.Implement data quality and validation frameworks to ensure reliability and trust in data assets.Collaborate with teams to integrate and share data via DataHub, leveraging connectors such as SFTP and Snowflake Data Share.Enhance observability by integrating and monitoring pipelines through Grafana and other telemetry tools.Work closely with other engineers to improve coding practices and leverage AI-powered developer assistants like Cursor, Copilot, or Windsurf for productivity.Participate in design reviews, documentation, and operational support for production systems.Work ExperienceWhat You’ve Done5–8 years of experience as a Data Engineer working with large-scale distributed data systems.Strong proficiency in Python (especially PySpark) and hands-on experience optimizing Spark jobs on EMR or similar environments.Deep knowledge of SQL tuning and query optimization across analytical databases (preferably Snowflake).Experience working with Airflow for workflow orchestration and Livy for Spark job management.Exposure to Flink and Apache Iceberg for batch or incremental data processing.Strong understanding of data quality frameworks, testing, and validation techniques.Familiarity with DataHub or similar data catalog and sharing platforms.Experience setting up dashboards and alerts in Grafana or equivalent monitoring tools.Exposure to AI coding assistants (Cursor, GitHub Copilot, Windsurf) for accelerating development is a plus.Passionate about automation, continuous improvement, and building scalable, maintainable systems.BenefitsWe want you to be your best self and to pursue your passions!Health and wellness benefits/programs to support holistic employee health.Flexible hours and working schedules, as well as parental leave for new parents.Growing organization with career pathing and development opportunities.Tons of perks and extras in every location for all Phenoms!Diversity, Equity, & InclusionOur commitment to diversity runs deep! Diversity is essential to building phenomenal teams, products, and customer experiences. Phenom is proud to be an equal opportunity employer taking collective action to build a more inclusive environment where every candidate and employee feels welcomed.We recognize there is more to be done. Our teams are committed to continuous improvement until these powerful ideas are ingrained in our culture for Phenom and employers everywhere!",2026-07-03T15:20:23.682539,,,li_78800149,,,"Hyderabad, Telangana, India",2026-07-03T15:20:23.682539,,Phenom,,LinkedIn,,
Data Engineer III,False,,,False,https://in.linkedin.com/jobs/view/data-engineer-iii-at-expedia-group-4435285455,,Unknown,"At Expedia Group, we help travelers explore the world, one journey at a time. As a global travel company powered by passionate people, trusted partnerships, and leading technology, we connect travelers, partners, and advertisers through our consumer brands, B2B network, and travel advertising business.Here, you'll do meaningful work that helps millions of people discover, book, and experience travel with more ease, confidence, and joy. Our five Behaviors-Traveler First, Think Big, Operate with Excellence, Ownership Mindset, and Succeed Together-help foster a supportive environment where people can grow their careers and have the flexibility, benefits, and support to do their best work. Join us and build for travelers everywhere.Introduction to the teamWe build the intelligence layer for Expedia Group’s advertising supply. Our systems forecast ad inventory, track delivery accuracy, and flag at‑risk campaigns across global markets. Advertisers use our forecasts to plan and book with confidence; Revenue Operations uses our risk signals to prevent under-delivery.As a Data Engineer III on M&I Forecasting, you will own and scale the data foundations behind ad inventory forecasting. You’ll design, build, and operate pipelines, analytics layers, and impression data models that power forecast accuracy measurement, pacing analysis, and delivery risk detection across global markets. You’ll drive data quality, lineage, and observability, partnering with data science and engineering to improve forecast performance.In This Role, You Will Design, build, and enhance scalable, secure, and reliable data pipelines and services that enable analytics, experimentation, and product features across multiple business domains. Develop, optimize, and maintain batch and streaming data processing solutions, including data modeling, schema evolution, and API design to support downstream consumers and applications. Implement robust data quality, validation, monitoring, and observability practices to ensure accuracy, completeness, and timely availability of data for stakeholders. Collaborate with engineers, product managers, analysts, and data scientists to translate business and analytical requirements into well-architected data solutions and reusable components. Apply and extend engineering best practices for performance, reliability, and cost efficiency, including testing, CI/CD, deployment automation, and operational runbooks for data systems. Safely integrate and operate AI/ML‑enabled solutions that improve outcomes, including familiarity with AI-driven systems, tools, or workflows and applying AI/ML concepts to real world products.Minimum Qualifications Bachelor’s degree in Computer Science or a related technical field; or Equivalent related professional experience. 5+ years of relevant professional experience Proficiency in at least one modern programming language used for data engineering (such as Java, Scala, Python, or similar), along with strong skills in SQL and data modeling for analytical and operational use cases. Hands-on experience with data processing frameworks and storage technologies (for example, distributed processing, stream processing, and large-scale data warehouses or data lakes), with clear ownership for the reliability and performance of services you build. Familiarity with AI-driven systems, tools, or workflows and applying AI/ML concepts to real world products, including integrating AI/ML‑enabled capabilities into data pipelines under established guidelines.Preferred Qualifications Demonstrated experience designing and evolving end-to-end data architectures for complex domains, including system design (LLD), API design, and schema/data model definition to support high-scale, multi-tenant use cases. Proven track record operating large-scale data systems in production, including performance tuning, capacity planning, monitoring/alerting, incident response, and continuous improvement of reliability and cost efficiency. Experience driving technical direction for data solutions within a team or domain, influencing data standards, tooling, and best practices, and mentoring other engineers on data engineering patterns. Strong background using experimentation, metrics, and data-driven insights to guide technical decisions, optimize pipelines, and improve the usability and discoverability of data across multiple products or domains. Safely integrates and operates AI/ML‑enabled solutions that improve outcomes, with hands-on experience enabling AI-powered analytics, features, or developer workflows on data platforms (for example, feature pipelines for ML models, AI-assisted data quality, or intelligent observability), and familiarity with AI-driven systems, tools, or workflows and applying AI/ML concepts to real world products.Accommodation requestsExpedia Group is committed to providing an inclusive and accessible recruiting experience. If you need an accommodation or adjustment due to a disability during the application or recruiting process, please submit a request at https://expedia.service-now.com/askeg?id=job_accommodation.About Expedia GroupExpedia Group includes three flagship consumer brands - Expedia, Hotels.com, and Vrbo - along with a leading B2B travel business and travel advertising offerings. Across our brands and business, we help travelers explore the world with confidence and ease.Important noticeEmployment opportunities and job offers at Expedia Group will always come from Expedia Group's Talent Acquisition and hiring teams. Never share sensitive personal information unless you are confident of the recipient. Expedia Group does not extend job offers via email or messaging tools to individuals with whom we have not made prior contact. Our email domain is @expediagroup.com. The official place to find and apply for roles is https://careers.expediagroup.com/jobs/.Equal OpportunityExpedia is committed to creating an inclusive work environment with a diverse workforce. All qualified applicants will receive consideration for employment without regard to race, religion, gender, sexual orientation, national origin, disability or age.",2026-07-03T15:20:23.682539,,,li_f0d237c5,,,"Bengaluru, Karnataka, India",2026-07-03T15:20:23.682539,,Expedia Group,,LinkedIn,,
Platform Data Engineer,False,,,False,https://in.linkedin.com/jobs/view/platform-data-engineer-at-crowdstrike-4433103808,,Unknown,"As a global leader in cybersecurity, CrowdStrike protects the people, processes and technologies that drive modern organizations. Since 2011, our mission hasn’t changed — we’re here to stop breaches, and we’ve redefined modern security with the world’s most advanced AI-native platform. We work on large scale distributed systems, processing almost 3 trillion events per day and this traffic is growing daily. Our customers span all industries, and they count on CrowdStrike to keep their businesses running, their communities safe and their lives moving forward. We're proud to work for a mission-driven company leveraging AI to transform the way we work. CrowdStrikers drive their careers through flexibility and autonomy while also being expected to contribute to a culture of responsible AI adoption, experimentation, and innovation. We use an AI-first mindset as a force multiplier to proactively and continuously accelerate execution, build expertise, uncover insights, and solve complex problems. We’re always looking to add talented CrowdStrikers to the team who have limitless passion, a relentless focus on innovation and a fanatical commitment to our customers, our community and each other. Ready to join a mission that matters? The future of cybersecurity starts with you.About The Team:The CrowdStrike Technical Operation Data Analytics organization is growing an application development team. Our organization specializes in solving elusive problems. We are a hybrid team of scientists, developers, and analysts who directly support CrowdStrike leadership with custom and off-the-shelf data applications. Our team offers the opportunity to engage directly with advanced technologies projects while improving our ability to protect customers (e.g. startups, Fortune 500, nonprofit, etc.) across all industries from global security threats.About The Role:We're seeking an experienced Data Engineer to design, build, and maintain data and reporting infrastructure supporting CrowdStrike's analytics needs.What You'll Do:Design and implement scalable data pipelines using AirflowConfigure and manage Airbyte connections and data synchronizationDevelop and maintain Superset dashboards and analytics solutionsWrite efficient Python code for data processing and automationCollaborate with cross-functional teams on data architectureMentor junior engineers and provide technical leadershipWhat You'll Need:Bachelor's degree in Computer Science or related field5+ years of relevant data engineering experienceAdvanced Python programming (5+ years experience)Strong problem-solving and analytical skillsExperience with data security and compliance requirementsExpert knowledge of Apache Airflow for workflow orchestrationHands-on experience with Airbyte or similar for data integration and ETL processesStrong experience with Apache Superset or similar for data visualization and analyticsKnowledge and experience with DBT and OpenMetadataSQL and data modeling expertiseExperience with the major cloud platforms (AWS, GCP,, Azure, OCI)Proven experience utilizing AI technologies to enhance decision-making, streamline workflows and processes, improve efficiency and drive business outcomes.Bonus Points:Master's degree in relevant fieldExperience with cybersecurity dataContributions to open-source projectsKnowledge of machine learning pipelinesBenefits Of Working At CrowdStrike: Market leader in compensation and equity awardsComprehensive physical and mental wellness programsCompetitive vacation and holidays for rechargePaid parental and adoption leavesProfessional development opportunities for all employees regardless of level or roleEmployee Networks, geographic neighborhood groups, and volunteer opportunities to build connectionsVibrant office culture with world class amenitiesGreat Place to Work Certified™ across the globe CrowdStrike is proud to be an equal opportunity employer. We are committed to fostering a culture of belonging where everyone is valued for who they are and empowered to succeed. We support veterans and individuals with disabilities through our affirmative action program.CrowdStrike is committed to providing equal employment opportunity for all employees and applicants for employment. The Company does not discriminate in employment opportunities or practices on the basis of race, color, creed, ethnicity, religion, sex (including pregnancy or pregnancy-related medical conditions), sexual orientation, gender identity, marital or family status, veteran status, age, national origin, ancestry, physical disability (including HIV and AIDS), mental disability, medical condition, genetic information, membership or activity in a local human rights commission, status with regard to public assistance, or any other characteristic protected by law. We base all employment decisions--including recruitment, selection, training, compensation, benefits, discipline, promotions, transfers, lay-offs, return from lay-off, terminations and social/recreational programs--on valid job requirements.If you need assistance accessing or reviewing the information on this website or need help submitting an application for employment or requesting an accommodation, please contact us at recruiting@crowdstrike.com for further assistance.,Bonus Points:Master's degree in relevant fieldExperience with cybersecurity dataContributions to open-source projectsKnowledge of machine learning pipelines",2026-07-03T15:20:23.682539,,,li_00f01984,,,"Bengaluru, Karnataka, India",2026-07-03T15:20:23.682539,,Crowdstrike,,LinkedIn,,
Data Engineer,False,,,False,https://in.linkedin.com/jobs/view/data-engineer-at-thermo-fisher-scientific-4429256066,,Unknown,"Work ScheduleOtherEnvironmental ConditionsOfficeSummarized Purpose:We are offering an opportunity for a Mid-Level Data Engineer to design, build, test, tune, and support production data pipelines using PySpark, Python, advanced SQL, AWS data services, secure data handling practices, and AI-assisted data engineering capabilities.Education/Experience:Bachelor's degree or equivalent in Computer Science, Information Technology, Data Engineering, or related field3-5 years of experience in data engineering, ETL development, SQL, AWS data platforms, or production data pipeline supportMajor Job Responsibilities:Develop, test, tune, and maintain ETL and data pipelines using PySpark, Python, SQL, and AWS servicesSupport ingestion and transformation of flat files, relational databases, APIs, data warehouses, and enterprise data sourcesCollaborate with business analysts, data architects, QA, DevOps, and senior engineers to implement source-to-target mappings and data solutionsImplement CDC, incremental load design, idempotent pipeline processing, and data reconciliation patterns for reliable data movementMaintain technical documentation, mapping specifications, data catalog updates, runbooks, automated tests, and release support materialsKnowledge, Skills, and Abilities:Hands-on experience with PySpark, Python, advanced SQL, ETL best practices, data modeling, and large-scale data processingDeep knowledge of Redshift performance tuning including distribution keys, sort keys, compression encoding, Spectrum, materialized views, WLM, vacuum, and analyzeStrong knowledge of Athena optimization including partition pruning, file formats, compression, schema evolution, and cost-efficient query designStrong understanding of DynamoDB data modeling, access-pattern-based design, capacity planning, GSIs/LSIs, TTL, Streams, and performance tuningExposure to secure PHI/PII handling including encryption, access controls, auditability, retention, masking, and de-identification where applicableStrong analytical, troubleshooting, documentation, communication, and cross-functional collaboration skillsMust Have Skills:PySpark, Python, advanced SQL, ETL development, and data pipeline implementation experienceAWS data services experience including S3, Glue, Lambda, Step Functions, ECS, DynamoDB, Redshift, PostgreSQL, SQL Server, and Athena integrationFlat-file ingestion, source-to-target mapping, transformation logic, CDC, incremental loads, idempotent processing, reconciliation, and data quality checksCI/CD, GitHub workflows, automated testing, and release management for data pipelines and database changesProblem-solving, production support, debugging, documentation, and Agile delivery skillsGood to Have Skills:Exposure to AI-assisted mapping automation and use of LLMs for data cleaning, data quality checks, transformation logic, or documentationFamiliarity with RAG patterns, embeddings, vector databases, semantic search, or AI-enabled data discovery solutionsUnderstanding of healthcare data standards such as HL7, FHIR, CCD, claims data, EMR extracts, clinical trial data, and patient de-identificationFamiliarity with infrastructure as code such as Terraform or CloudFormation, plus Databricks, Snowflake, streaming, observability, or DevOps practicesWorking Hours:India: 05:30 PM to 02:30 AM ISTPhilippines: 08:00 PM to 05:00 AM PHT",2026-07-03T15:20:23.682539,,,li_360ee6ef,,,"Bengaluru, Karnataka, India",2026-07-03T15:20:23.682539,,Thermo Fisher Scientific,,LinkedIn,,
Data engineer,False,,,False,https://in.linkedin.com/jobs/view/data-engineer-at-infosys-4435288657,,Unknown,"Strong experience in Big Data Technologies Hands-on expertise in: o Apache Spark o Scala o Hive o Kafka Strong understanding of distributed data processing and data pipeline development. Experience working with cloud platforms and cloud-native architectures. Proficiency in software engineering best practices, design patterns, and Agile methodologies. Strong problem-solving and analytical skills. Design, develop, and implement scalable data engineering solutions using modern Big Data technologies. Build and maintain large-scale digital platforms, marketplaces, and data-driven applications. Work on complex engineering projects utilizing cloud-native architectures and distributed systems. Collaborate with cross-functional teams, architects, and fellow Power Programmers to deliver innovative solutions. Participate in end-to-end software development lifecycle activities in Agile environments. Develop high-performance data pipelines and data processing frameworks. Contribute to the architecture, design, coding, testing, and deployment of enterprise solutions. Co-create new products, platforms, and technology accelerators for clients. Engage with technology communities, open-source initiatives, and user groups. Continuously learn and upskill on emerging technologies and industry trends.Technology-Big Data-Big Data -ALL,Technology-Big Data - Data Processing-PySpark,Technology-Big Data - Hadoop-Hadoop-Hive,Technology-Data Engineering-Databricks,Technology-Functional Programming-Scala,Technology-Java-Apache-Kafka,Technology-OpenSystem-Python - OpenSystem-Python",2026-07-03T15:20:23.682539,,,li_a01f8d8d,,,"Bengaluru East, Karnataka, India",2026-07-03T15:20:23.682539,,Infosys,,LinkedIn,,
Data Engineer,False,,,False,https://in.linkedin.com/jobs/view/data-engineer-at-ltm-4433175993,,Unknown,"Role SummaryDesign, build and operate scalable enterprise data platforms that power AI applications and business workflows. Own ingestion, transformation, storage, indexing and delivery of structured and unstructured data from enterprise systems and AI providers. Ensure AI-generated signals, metadata and telemetry are reliable, searchable and available for real-time workflows and analytics.Key ResponsibilitiesBuild scalable ETL/ELT and streaming pipelines from enterprise systems and third-party AI platforms.Develop API connectors to ingest AI-generated metadata, events and telemetry.Normalize, validate and enrich data into common enterprise schemas.Build metadata repositories, data lakes, vector indexes and search infrastructure.Optimize storage and retrieval for enterprise AI applications.Partner with Solution Architects, AI Engineers and Backend Engineers.Implement data quality, lineage, governance and monitoring.AI & Data Platform ResponsibilitiesIngest outputs from LLMs, video AI, speech AI, vision AI and enterprise systems.Build vector indexing and semantic retrieval pipelines.Manage embeddings, metadata stores and searchable knowledge repositories.Support AI analytics, telemetry and operational reporting.Required Technical SkillsPython, SQL Spark/Airflow or equivalent is critical .Kafka/RabbitMQ or similar streaming platforms.PostgreSQL, MongoDB, Redis.Vector databases (Pinecone, Weaviate, Milvus or equivalent).REST APIs, JSON, Parquet.Docker, Kubernetes fundamentals and AWS/Azure/GCP.AI-Driven Engineering Practices (Mandatory)Experience using AI coding assistants such as GitHub Copilot, Cursor, Windsurf, Claude Code or equivalent.Use AI for ETL/ELT development, SQL generation, API integration, documentation, testing and refactoring.Review and validate AI-generated code for correctness, security, maintainability and performance.Use AI to troubleshoot pipeline failures, optimize performance and automate repetitive engineering tasks.Knowledge of prompt engineering and AI-assisted software development lifecycle.Preferred ExperienceEnterprise AI platforms, workflow automation, media technology, OTT, digital asset management or enterprise SaaS.Success MeasuresReliable, scalable, low-latency data pipelines.High-quality searchable metadata and vector indexes.Near real-time availability of AI-generated signals.Strong governance, monitoring and operational reliability.",2026-07-03T15:20:23.682539,,,li_cd50aa62,,,"Mumbai, Maharashtra, India",2026-07-03T15:20:23.682539,,Ltm,,LinkedIn,,
Senior Data Engineer,False,,,False,https://in.linkedin.com/jobs/view/senior-data-engineer-at-valtech-4417035753,,Unknown,"We’re the experience innovation company - a trusted partner to the world’s most recognized brands. To our people we offer growth opportunities, a values-driven culture, international careers and the chance to shape the future of experience.The opportunityAt Valtech, you’ll find an environment designed for continuous learning, meaningful impact, and professional growth. Whether you're pioneering new digital solutions, challenging conventional thinking or building the next generation of customer experiences, your work will help transform industries.We Are Proud OfThe work we do and the innovation we drive Our values of share, care and dare A workplace culture that fosters creativity, diversity and autonomy Our borderless, global framework, which enables seamless collaboration The role As a Data Engineer, you are passionate about experience innovation and eager to push the boundaries of what’s possible. You bring 4+YEARS of experience, a growth mindset and a drive to make a lasting impact.You Will Thrive In This Role If You AreA curious problem solver who challenges the status quo A collaborator who values teamwork and knowledge-sharing Excited by the intersection of technology, creativity and data Experienced in Agile methodologies and consulting (a plus) Role ResponsibilitiesData Infrastructure & ArchitectureDesign and implement robust, scalable data architectures and pipelines Build and maintain ETL/ELT processes for batch and real-time data processing Develop data models and schemas optimized for analytics and reporting Ensure data quality, consistency, and reliability across all data systems Platform-Agnostic DevelopmentWork with multiple cloud platforms (AWS, Azure, GCP) based on client requirements Implement data solutions using various technologies and frameworks Adapt quickly to new tools and platforms as project needs evolve Maintain expertise across different cloud ecosystems and services Data Pipeline DevelopmentCreate automated data ingestion pipelines from various sources (APIs, databases, files, streaming) Implement data transformation logic using modern data processing frameworks Build monitoring and alerting systems for data pipeline health Optimize pipeline performance and cost-efficiency Collaboration & IntegrationWork closely with data scientists, analysts, and business stakeholders Collaborate with DevOps teams to implement CI/CD for data pipelines Partner with client teams to understand data requirements and deliver solutions Participate in architecture reviews and technical decision-making Must Have QualificationsTechnical SkillsMinimum 3+ years of experience in data engineering or related field Strong programming skills in Python and/or Scala/Java Experience with SQL and database technologies (PostgreSQL, MySQL, MongoDB) Hands-on experience with data processing frameworks: Apache Spark, Hadoop ecosystem Apache Kafka for streaming data Apache Airflow or similar workflow orchestration tools Knowledge of data warehouse concepts and technologies Experience with containerization (Docker, Kubernetes) Understanding of data modeling principles and best practices Cloud & Platform ExperienceExperience with at least one major cloud platform (AWS, Azure, or GCP) Familiarity with cloud-native data services: Data lakes, data warehouses, and analytics services Serverless computing and event-driven architectures Identity and access management for data systems Knowledge of Infrastructure as Code (Terraform, CloudFormation, ARM templates) Data & AnalyticsUnderstanding of data governance and security principles Experience with data quality frameworks and monitoring Knowledge of dimensional modeling and data warehouse design Familiarity with business intelligence and analytics tools Understanding of data privacy regulations (GDPR, CCPA) Nice To Have QualificationsAdvanced Technical SkillsExperience with modern data stack tools (dbt, Fivetran, Snowflake, Databricks) Knowledge of machine learning pipelines and MLOps practices Experience with event-driven architectures and microservices Familiarity with data mesh and data fabric concepts Experience with graph databases (Neo4j, Amazon Neptune) Industry ExperienceExperience in digital agency or consulting environment Background in financial services, e-commerce, retail, or customer experience platforms Knowledge of marketing technology and customer data platforms Experience with real-time analytics and personalization systems Soft SkillsStrong problem-solving and analytical thinking abilities Excellent communication skills for client-facing interactions Ability to work independently and manage multiple projects Adaptability to rapidly changing technology landscape Experience mentoring junior team members If you do not meet all the listed qualifications or have gaps in your experience, we still encourage you to apply. At Valtech, we recognize that talent comes in many forms, and we value diverse perspectives and a willingness to learn. Commitment to reaching all kinds of peopleWe design experiences that work for all kinds of people - and that starts with our own teams. At Valtech, we’re intentional about building an inclusive culture where everyone feels supported to grow, thrive and achieve their goals. No matter your background, you belong here. Explore our Diversity & Inclusion site to see how we’re creating a more equitable Valtech for all.The BenefitsThis is a full-time position based in Bengaluru.Beyond a Competitive Compensation Package, We OfferFlexibility, with remote and hybrid work options (country-dependent) Career advancement, with international mobility and professional development programs Learning and development, with access to cutting-edge tools, training and industry experts Our benefits are tailored to each location. Your Talent Partner will provide full details during the hiring process.Your application processOnce you apply, our Talent Acquisition team will review your application. Your CV should cover key information on relevant experiences and expertise. We do not require information such as age, gender, marital status, or a headshot in your application. We review all candidates based on skills, experience, and potential.⚠️ Beware of recruitment fraud! Only engage with official Valtech email addresses ending in @valtech.com.We are committed to inclusion and accessibility. If you need reasonable accommodations during the interview process, please either indicate it in your application or let your Talent Partner know.About ValtechValtech is the experience innovation company that exists to unlock a better way to experience the world. By blending crafts, categories, and cultures, we help brands unlock new value in an increasingly digital world.At the intersection of data, AI, creativity, and technology, we drive transformation for leading organizations, including L’Oréal, Mars, Audi, P&G, Volkswagen Dolby, and more.At Valtech, we don’t just talk about transformation. We make it happen. Our people are the heart of our success, and we foster a workplace where everyone has the support to thrive, grow and innovate.Are you ready to create what’s next? Join us.",2026-07-03T15:20:23.682539,,,li_811fba5e,,,"Bengaluru, Karnataka, India",2026-07-03T15:20:23.682539,,Valtech,,LinkedIn,,
Data Engineer,False,,,False,https://in.linkedin.com/jobs/view/data-engineer-at-persistent-systems-4433168760,,Unknown,"About Position: We are looking for a skilled Data Engineer to join our team. If you have a strong foundation in data processing, ETL pipelines, and database technologies, we would love to connect with youRole: Data EngineerLocation: Pan IndiaExperience: 3 to 6 yearsJob Type: Full Time EmploymentWhat You'll Do: Design, develop, and maintain ETL pipelinesWork with large-scale data systems and optimize performanceCollaborate with cross-functional teams to deliver data solutionsExpertise You'll Bring: SQL (Vertica, BigQuery)SparkPythonBasic understanding of Java / ScalaLinuxPentaho (PBA)Strong knowledge of Data Warehousing concepts and ETL processeAdvanced Java knowledgeShell ScriptingMessaging/streaming tools like Kafka or TungstenValues-Driven, People-Centric & Inclusive Work Environment:Persistent is dedicated to fostering diversity and inclusion in the workplace. We invite applications from all qualified individuals, including those with disabilities, and regardless of gender or gender preference. We welcome diverse candidates from all backgrounds.We support hybrid work and flexible hours to fit diverse lifestyles.Our office is accessibility-friendly, with ergonomic setups and assistive technologies to support employees with physical disabilities.If you are a person with disabilities and have specific requirements, please inform us during the application process or at any time during your employmentLet's unleash your full potential at Persistent - persistent.com/careers""Persistent is an Equal Opportunity Employer and prohibits discrimination and harassment of any kind.""",2026-07-03T15:20:23.682539,,,li_538fcf9f,,,"Pune City, Maharashtra, India",2026-07-03T15:20:23.682539,,Persistent Systems,,LinkedIn,,
Data Engineer,False,,65.0,False,https://in.linkedin.com/jobs/view/data-engineer-at-starrez-inc-4436371730,"The role is a good match for location (India) and core skills like SQL and Python, which the candidate possesses. However, as a fresh graduate with academic project experience, the candidate might lack professional experience with specific cloud data platforms (e.g., Snowflake) and modern data tooling (e.g., dbt, Airflow) explicitly mentioned as required. The job description does not specify more than 2 years of experience.",Unknown,"About StarRezStarRez is the global leader in student housing software, providing innovative solutions for on and off-campus housing management, resident wellness and experience, and revenue generation. Trusted by 1,400+ clients across 25+ countries, StarRez supports more than 4 million beds annually with its user-friendly, all-in-one platform, delivering seamless experiences for students and administrators. With offices in the United States, Australia, the UK, and India, StarRez blends the robust capabilities of a global organization with the personalized care and service of a trusted partner.The RoleYou have an uncanny knack for problem solving and you have a sharp product mindset. Our engineers are involved in all aspects of the software design process and create high-performing, scalable, and secure products. You'll work alongside cross-functional teams to design right-size solutions that power a new market-leading Analytics platform.As a Data Engineer at StarRez, you will play a critical role in building and scaling the foundations of our Analytics & Data Platform. You'll design and maintain reliable, secure, and scalable data pipelines and models that power a new generation of reporting, insights, and data-driven products across the StarRez ecosystem.This role sits at the intersection of data, product, and engineering. You will work closely with Data Analysts, Full-Stack Engineers, and Product teams to translate customer and business requirements into robust data solutions - enabling everything from standardised dashboards to advanced analytics and embedded intelligence.You are hands-on, pragmatic, and comfortable working in a fast-evolving environment where you'll help shape both the technical platform and the operating model as we scale.What you'll be doingBuild and maintain scalable data pipelines to ingest, transform, and model data for analytics and reporting Develop and optimise data models to support consistent dashboards and KPI definitions Ensure data quality and reliability through testing, monitoring, and observability practices Work with Data Analysts and Product teams to translate requirements into reusable datasets and pipelines Collaborate with Engineering to support data integration, schema automation, and platform scalability Integrate data from internal and external sources (APIs, third-party systems) Improve performance, scalability, and cost efficiency of the data platform Contribute to embedding analytics into the product (dashboards, reporting, data services) Support advanced use cases such as forecasting, benchmarking, and data-driven insights Required QualificationsExperience designing and maintaining ETL/ELT pipelines (batch and/or streaming) Experience with cloud data platforms (e.g., Snowflake, Azure Synapse, Microsoft Fabric or similar) including IAC Familiarity with modern data tooling (e.g., dbt, Airflow, Fivetran, Azure Data Factory or equivalents) Understanding of data integration patterns (APIs, ingestion pipelines, transformation layers) and Solid understanding of data modelling (star schema, dimensional modelling, data warehousing concepts)  Knowledge of data quality, testing, and observability practices (monitoring, validation, lineage)  Strong database fundamentals and SQL experience; comfortable designing safe schema changes considering performance optimisation, scalability, and cost management in data systems Ability to work closely with Data Analysts and stakeholders to translate requirements into scalable data solutions Strong communication skills with the ability to turn ambiguous requirements into structured data models and pipelines Pragmatic approach to balancing speed, quality, and scalability An inclination towards communication, inclusion, and visibilityPreferred QualificationsUnderstanding of CI/CD pipelines and DevOps principles Experience working with multi-tenant SaaS data models and secure data access patterns (e.g., tenant isolation, RBAC) Proficiency with one or more public cloud providers such as Azure, AWS or GCP Experience building foundations for modern analytics/data platforms and cloud data warehouses (e.g., Snowflake, Azure Synapse, Microsoft Fabric) Experience with data pipeline tooling and patterns (e.g., Azure Data Factory, Snowflake Openflow, Fivetran, dbt, or similar tools) Familiarity with multi-tenant SaaS analytics patterns (tenant isolation, RBAC, auditability, and data access controls such as row-level security where applicable) Strong operational mindset: observability/monitoring, runbooks, incident response, and production support readiness for GA launches Even if you don't have all of the Preferred Qualifications listed above, but feel you have what it takes to succeed in the role, we would love to hear from you! Reasons to join our Team:StarRez is not just a workplace—it's a place to belong, build, and grow.  A Culture That Lasts: Many of our team members have been with us for 20+ years—a testament to our people-first philosophy.   Global Impact, Local Ownership: Join a team that spans across Australia, the USA, the UK, and Canada, working on industry-leading solutions, while building the centre up from ground up.   Long-Term Vision: We're not here for short-term gains. We invest in our people for the long haul, creating an environment where you can grow, lead, and thrive.   Innovation with Stability: Backed by Vista Equity Partners, we combine the agility of a scaling SaaS company with the stability of long-term industry leadership.   Z-Factor: We take pride in our culture of passion, care, and high performance. The Z-Factor defines how we support our teams, foster growth, and ensure that everyone at StarRez thrives.   If you are excited about building game-changing products in a high-impact, collaborative environment—StarRez India is the place for you.  We are proud of our diverse workforce and are dedicated to creating a safe and welcoming environment for all employees. People from various ethnicities, ages, genders, and abilities are encouraged to apply. Notice to external Recruiters and Recruitment Agencies: StarRez will not accept unsolicited resumes from recruitment agencies, headhunters, or any other third parties for this role through this website or directly to any employee. StarRez and any of our subsidiaries will not pay fees to any third-party agency or company. In addition, we ask that you do not reach out to any employee with regards to this position, or any other positions, now, or in the future.StarRez is an equal opportunity employer.StarRez is an equal opportunity employer.",2026-07-03T15:20:23.682539,,,li_5fee53bb,,,"Hyderabad, Telangana, India",2026-07-03T15:20:23.682539,,"Starrez, Inc.",,LinkedIn,,"- This Data Engineer role focuses on building and scaling an Analytics & Data Platform for a global student housing software company.
- Key responsibilities include designing and maintaining scalable ETL/ELT pipelines, developing data models, ensuring data quality, and integrating various data sources.
- The position is based in India, aligning with the candidate's location preference."
Platform Engineer - AI Trainer,False,,,False,"https://www.glassdoor.co.in/job-listing/platform-engineer-ai-trainer-dataannotation-JV_KO0,28_KE29,43.htm?jl=1010128416544",,Unknown,Platform Engineer - AI Trainer at Unknown in Delhi,2026-07-03T15:21:02.960753,,,gd_5a6ca59b,,,Delhi,2026-07-03T15:21:02.960753,,Unknown,,Glassdoor,,
Senior Software Engineer - AI Trainer,False,,,False,"https://www.glassdoor.co.in/job-listing/senior-software-engineer-ai-trainer-dataannotation-JV_KO0,35_KE36,50.htm?jl=1010128416590",,Unknown,Senior Software Engineer - AI Trainer at Unknown in India,2026-07-03T15:21:02.960753,,,gd_0d0d7772,,,India,2026-07-03T15:21:02.960753,,Unknown,,Glassdoor,,
DevOps Engineer - AI Trainer,False,,,False,"https://www.glassdoor.co.in/job-listing/devops-engineer-ai-trainer-dataannotation-JV_KO0,26_KE27,41.htm?jl=1010128416438",,Unknown,DevOps Engineer - AI Trainer at Unknown in India,2026-07-03T15:21:02.960753,,,gd_16833a28,,,India,2026-07-03T15:21:02.960753,,Unknown,,Glassdoor,,
Progamming Analyst- AI Trainer,False,,,False,"https://www.glassdoor.co.in/job-listing/progamming-analyst-ai-trainer-dataannotation-JV_KO0,29_KE30,44.htm?jl=1010128416549",,Unknown,Progamming Analyst- AI Trainer at Unknown in Delhi,2026-07-03T15:21:02.960753,,,gd_c95527f3,,,Delhi,2026-07-03T15:21:02.960753,,Unknown,,Glassdoor,,
Senior Software Developer - AI Trainer,False,,,False,"https://www.glassdoor.co.in/job-listing/senior-software-developer-ai-trainer-dataannotation-JV_KO0,36_KE37,51.htm?jl=1010128416563",,Unknown,Senior Software Developer - AI Trainer at Unknown in Haryana,2026-07-03T15:21:02.960753,,,gd_fdd2d4dc,,,Haryana,2026-07-03T15:21:02.960753,,Unknown,,Glassdoor,,
Data Engineer,False,,,False,https://in.linkedin.com/jobs/view/data-engineer-at-scoutit-4435440539,,Unknown,"We're looking for Data Engineers (India)!ResponsibilitiesDevelop, maintain, and support data engineering solutions using Python with strong coding standards.Work extensively with Data Frames using libraries such as pandas or PySpark for data transformation and analysis.Build, enhance, and support reliable ETL pipelines for data ingestion, transformation, and loading from multiple data sources.Design and maintain data schemas, including relational and dimensional data models, to support analytics and reporting needs.Perform data migration activities between different storage systems, formats, or environments while ensuring data accuracy and integrity.Monitor data pipelines, troubleshoot issues, and provide timely resolution to ensure smooth data operations.Work closely with cross-functional teams such as analytics, application development, and infrastructure to support data requirements.(*Note: Scoutit is an independent candidate sourcing partner for this hiring. All applications, candidate screening, and hiring-related actions are conducted directly by the respective employer’s authorized recruitment team. Relevant candidates will be contacted via email and asked to fill in additional details as part of the next stage of the application process.)Skills: analytics,data processing,data",2026-07-03T15:40:08.741977,,,li_179ac03403,,,India,2026-07-03T15:40:08.741977,,Scoutit,,LinkedIn,,
Data Engineer,False,,,False,https://in.linkedin.com/jobs/view/data-engineer-at-bayone-solutions-4417113271,,Unknown,"Job Title: Data EngineerWork Mode: RemoteLocation: Gurgaon🚀 Hiring Alert | Data Engineer (3–4 Years Experience)We are looking for a talented Data Engineer to join our growing team! If you have strong expertise in SQL and Power BI, along with experience building scalable data solutions and transforming data into actionable insights, this opportunity is for you.📌 Role: Data Engineer💼 Experience: 3–4 Years🔹 Key Responsibilities:✔ Design, develop, and optimize ETL pipelines and data workflows✔ Build interactive dashboards and reports using Power BI✔ Write efficient SQL queries for analysis and transformation✔ Work on data modeling, warehousing, and BI initiatives✔ Ensure data quality, integrity, and reporting accuracy✔ Collaborate with business stakeholders for analytics requirements✔ Monitor and troubleshoot reporting and data issues🔹 Required Skills:✅ Strong SQL expertise✅ Power BI (Dashboards, DAX, Data Modeling)✅ ETL and Data Pipeline Development✅ Experience with SQL Server / PostgreSQL / MySQL✅ Data Warehousing & Dimensional Modeling✅ Strong analytical and stakeholder management skills⭐ Good to Have:• Data Bricks experience• Azure / AWS / GCP exposure• Python / PySpark knowledge• Big Data & Distributed Processing understandingIf you’re passionate about data engineering and business intelligence solutions, we’d love to connect!📩 Share your resume or tag someone who might be interested.#Hiring #DataEngineer #SQL #PowerBI #ETL #DataEngineering #BusinessIntelligence #DataAnalytics #Azure #AWS #GCP #Databricks #PySpark #Jobs #HiringNowAbout BayOneBayOne is a 15 year-old software consulting company headquartered in Pleasanton, California. We specialize in Talent Solutions, helping clients build diverse and high-performing teams. Our mission is to #MakeTechPurple by driving diversity in tech while delivering cutting-edge solutions across:Project & Program ManagementCloud & IT InfrastructureBig Data & AnalyticsSoftware & Quality EngineeringUser Experience DesignExplore More:🔗 Company Website🔗 LinkedIn🔗 Glassdoor ReviewsJoin us to shape the future of data-driven decision-making while working in a flexible and collaborative environment.",2026-07-03T15:40:08.741977,,,li_19da978b18,,,India,2026-07-03T15:40:08.741977,,Bayone Solutions,,LinkedIn,,
Data Analyst,False,,,False,https://in.linkedin.com/jobs/view/data-analyst-at-gacs-4435211991,,Unknown,"Job DetailsLocation: Pune, India (Remote)Shift Timing: 3 PM IST to 12 AM IST / 4.30 AM to 1.30 PM ESTStart Date: Early joiners preferredCompensation: 5 to 7 LPA***IMPORTANT: FOR YOUR APPLICATION TO BE CONSIDERED PLEASE FILL OUT THE FORM: https://forms.gle/iLGWr5Km6G3rtaXV9**About the RoleWe are seeking a detail-oriented and analytical Data Analyst to be a core contributor to our insights generation process. This role demands a deep technical aptitude for marketing data, a passion for efficiency through automation, and the ability to translate complex campaign performance metrics into clear, strategic business actions.You will collaborate with cross-functional teams including technical and account management both in India and the US, requiring strong English communication skills and the ability to work effectively across time zones.Key ResponsibilitiesAdvanced Data Analysis & Insight GenerationPerformance Diagnostics: Conduct detailed, multi-dimensional analysis of large campaign datasets to identify underlying performance drivers and diagnose variances across channels and creatives.Trend & Anomaly Detection: Utilize analytical methods to detect significant trends and outliers in media KPIs (CPA, ROAS, volume), providing proactive alerts and hypotheses for performance changes.Data Storytelling & Communication: Translate complex analytical findings into clear, compelling narratives that effectively communicate insights to key stakeholders.Measurement & Modeling: Assist in developing and refining measurement frameworks to accurately attribute the value and impact of various media activities.Automation & Reporting Infrastructure DevelopmentGA4 Expertise: Configure, audit, and leverage data within Google Analytics 4 (GA4), ensuring reliable, event-based tracking and seamless integration with marketing platforms.Scripting & Efficiency: Design and implement solutions for report automation, primarily utilizing Google Sheets/Excel formulas and scripting (e.g., Google Apps Script) to reduce manual effort and enhance scalability.Dashboard Creation: Architect and maintain robust, self-service dashboards in visualization tools (e.g., Looker Studio, Tableau, or Power BI) to provide timely and contextually relevant performance views.Stakeholder Collaboration & Data IntegrityCross-Functional Alignment: Act as the primary analytical partner for technical and account management teams both in India and the US, translating business questions into analytical requirements.Data Quality Assurance (DQA): Own the process for continuous monitoring and validation of data sources (API feeds, GA4, Ad Platform data) to ensure maximum accuracy and reliability in all reporting outputs.Insight Communication: Develop structured, data-driven narratives and deliver compelling presentations that simplify sophisticated analytical findings into actionable recommendations for stakeholders.QualificationsRequiredEducational Foundation: Bachelor's degree in a quantitative field such as Data Science, Statistics, Economics, Business Analytics, or Computer Science.Experience: 3+ years of professional experience in digital marketing analysis, business intelligence, or performance measurement.Technical Proficiency:Analytics: Proven expertise in Google Analytics 4 (GA4) data structure, implementation, reporting, and troubleshooting.Data Manipulation: Advanced proficiency in Google Sheets/Excel for modeling, manipulation, and report scripting (e.g., custom functions). Experience with both basic and advanced formulas to manipulate data.Visualization: Proven expertise in data visualization and presentation, with the ability to transform complex metrics into clear, compelling visual narratives for stakeholder audiences.Automation: Experience with tools like Apps Script, Supermetrics, Syncwith, or Looker Studio.Digital Marketing: Demonstrates comprehensive knowledge of paid digital marketing platforms, with particular expertise in Google Ads and Meta advertising. Possesses strong analytical capabilities in campaign performance data interpretation.Core Competencies: Exceptional quantitative and analytical skills with a demonstrated ability to move beyond simple reporting to generate strategic insights. Strong story-telling ability, using data to convey effectiveness of marketing efforts.Communication: Excellent ability to communicate complex concepts clearly; strong English communication skills (written and verbal) for collaboration with US-based teams. Experience working with US-based teams and managing time zone differences.Drive: Proactive, results-oriented mindset toward optimizing data processes.PreferredExperience with SQL for querying relational databasesWorking knowledge of JavascriptExperience with Looker Studio, Tableau, or Power BI is a plusExperience managing campaigns within Google and/or Meta AdsExperience working within Jira to manage tasks",2026-07-03T15:40:08.741977,,,li_a4eaa0a631,,,"Pune District, Maharashtra, India",2026-07-03T15:40:08.741977,,Gacs,,LinkedIn,,
Data Analyst Excel - Remote,True,,,False,https://in.linkedin.com/jobs/view/data-analyst-excel-remote-at-yo-it-consulting-4435404129,,Unknown,"Job DescriptionJob Title: Data Analyst ExcelJob Type: ContractLocation: RemoteJob Summary: In this role, you'll apply your expertise to help train next-generation AI systems. Your work will shape how models learn, reason, and perform through high-quality, real-world input. No prior experience in AI is required — your domain knowledge is what matters.Key ResponsibilitiesConduct in-depth data analysis using Microsoft Excel to extract actionable insights and support decision-making across teams.Collaborate with project stakeholders to understand data requirements and translate them into meaningful analyses.Review, clean, and validate datasets to ensure accuracy, consistency, and integrity.Develop clear, concise reports and visualizations to communicate findings to both technical and non-technical audiences.Identify trends, anomalies, and opportunities in complex datasets, contributing to strategic initiatives.Document methodologies, results, and recommendations with meticulous attention to detail.Contribute expertise to enhance data-driven decision-making processes within the customer's team.Required Skills And QualificationsProven experience performing data analysis in a business environment using Microsoft Excel as the primary tool.Exceptional attention to detail and accuracy in data processing and reporting.Strong written and verbal communication skills, with the ability to clearly articulate analytical findings.Demonstrated ability to work collaboratively across teams to drive business outcomes.Solid understanding of Excel functions, formulas, and data visualization tools.Proficiency in identifying data inconsistencies and implementing corrective measures.Experience working in fast-paced, data-driven organizations.Preferred QualificationsExperience supporting cross-functional teams with data insights to inform business strategy.Background in presenting analytical outcomes to diverse audiences.Familiarity with additional data analysis tools or business intelligence platforms.",2026-07-03T15:40:08.741977,,,li_6afbd2d110,,,"Pune Division, Maharashtra, India",2026-07-03T15:40:08.741977,,Yo It Consulting,,LinkedIn,,
Sr. Data Engineer,False,,,False,https://in.linkedin.com/jobs/view/sr-data-engineer-at-scoutit-4435436528,,Unknown,"We're looking for Sr. Data Engineers (India)!ResponsibilitiesAs part of the team, you will be responsible for building and running the data pipelines and services that are required to support business functions/reports/dashboard..We are heavily dependent on BigQuery/Snowflake, Airflow, Stitch/Fivetran, dbt , Tableau/Looker for our business intelligence and embrace AWS with some GCP.Developing end to end ETL/ELT Pipeline working with Data Analysts of business Function.Designing, developing, and implementing scalable, automated processes for data extraction, processing, and analysis in a Data Mesh architectureMentoring Fother Junior Engineers in the TeamBe a go-to expert for data technologies and solutionsAbility to provide on the ground troubleshooting and diagnosis to architecture and design challengesTroubleshooting and resolving technical issues as they ariseLooking for ways of improving both what and how data pipelines are delivered by the departmentTranslating business requirements into technical requirements, such as entities that need to be modelled, DBT models that need to be build, timings, tests and reportsOwning the delivery of data models and reports end to endPerform exploratory data analysis in order to identify data quality issues early in the process and implement tests to ensure prevent them in the futureWorking with Data Analysts to ensure that all data feeds are optimised and available at the required times. This can include Change Capture, Change Data Control and other delta loading approachesDiscovering, transforming, testing, deploying and documenting data sourcesApplying, help defining, and championing data warehouse governance: data quality, testing, coding best practices, and peer reviewBuilding Looker Dashboard for use cases if required(*Note: Scoutit is an independent candidate sourcing partner for this hiring. All applications, candidate screening, and hiring-related actions are conducted directly by the respective employer’s authorized recruitment team. Relevant candidates will be contacted via email and asked to fill in additional details as part of the next stage of the application process.)Skills: snowflake,data,dbt",2026-07-03T15:40:08.741977,,,li_42efd32924,,,India,2026-07-03T15:40:08.741977,,Scoutit,,LinkedIn,,
Data Engineer,False,,,False,https://in.linkedin.com/jobs/view/data-engineer-at-jobgether-4435409711,,Unknown,"This position is listed on behalf of a partner company, who manages all applications and next steps. Our partner is looking for a Data Engineer based in India.This role is an opportunity to contribute to the design and delivery of scalable, cloud-based data solutions within a modern data engineering environment. You will work on building and optimizing ETL/ELT pipelines that enable reliable data flow across multiple systems and business domains. The position involves hands-on development using Python, PySpark, and SQL, with a strong focus on Azure cloud technologies. You will collaborate closely with data analysts, engineers, and business stakeholders to transform raw data into meaningful, high-quality insights. This is a highly collaborative and technically engaging role where your work directly supports data-driven decision-making. You will also be involved in improving data reliability, performance, and governance across evolving data platforms.AccountabilitiesDesign, develop, and maintain scalable ETL/ELT pipelines to support efficient data integration and processing across multiple sources.Build and optimize data processing workflows using Python and PySpark for batch and large-scale data workloads.Ingest and transform data from APIs, databases, files, and streaming systems into structured formats for analytics and reporting.Write and optimize SQL queries to support data transformation, reporting, and performance-efficient data retrieval.Monitor, troubleshoot, and improve existing data pipelines to ensure reliability, scalability, and performance.Support data quality, validation, and governance initiatives, including metadata management and data lineage tracking.Work with Azure Data Factory, Azure Data Lake, and Azure Databricks to develop and maintain cloud-native data solutions.Collaborate in Agile environments, participating in sprint planning, code reviews, and cross-functional delivery cycles.Requirements2-4 years of experience in data engineering or related roles, with hands-on exposure to building data pipelines and cloud-based solutions.Strong proficiency in Python, SQL, and PySpark for data processing and transformation.Experience working with Microsoft Azure services such as Azure Data Factory, Azure Data Lake, and Azure Databricks.Solid understanding of ETL/ELT architecture, data integration patterns, and data warehousing concepts.Familiarity with version control tools such as Git and basic understanding of CI/CD practices.Exposure to streaming technologies such as Apache Kafka is an added advantage.Strong analytical thinking, problem-solving skills, and ability to work both independently and in Agile team environments.Good communication skills with the ability to collaborate effectively with technical and non-technical stakeholders.BenefitsRemote-friendly work environment with flexible engagement optionsOpportunity to work with modern cloud data technologies (Azure ecosystem)Career growth in a fast-evolving data engineering and analytics environmentExposure to large-scale data pipelines and enterprise-level data systemsCollaborative, Agile-driven engineering cultureLearning opportunities in data engineering, cloud architecture, and data governance practicesInclusive work environment focused on continuous improvement and technical excellenceHow Jobgether WorksWe use an AI-powered matching process to ensure your application is reviewed quickly, objectively, and fairly against the role's core requirements. Our system identifies the top-fitting candidates, and this shortlist is then shared directly with the hiring company. The final decision and next steps (interviews, assessments) are managed by their internal team.We appreciate your interest and wish you the best! Why Apply Through Jobgether?Data Privacy Notice: By submitting your application, you acknowledge that Jobgether will process your personal data to evaluate your candidacy and share relevant information with the hiring employer. This processing is based on legitimate interest and pre-contractual measures under applicable data protection laws (including GDPR). You may exercise your rights (access, rectification, erasure, objection) at any time.We may use artificial intelligence (AI) tools to support parts of the hiring process, such as reviewing applications, analyzing resumes, or assessing responses and identifying potential inconsistencies or verification signals in application materials based on available information. These tools assist our recruitment team but do not replace human judgment. Final hiring decisions are ultimately made by humans. If you would like more information about how your data is processed, please contact us.",2026-07-03T15:40:08.741977,,,li_1d727eccae,,,India,2026-07-03T15:40:08.741977,,Jobgether,,LinkedIn,,
Data Analyst Intern,False,,,True,https://in.linkedin.com/jobs/view/data-analyst-intern-at-wake-up-whistle-4435441177,,Unknown,"🚀 Hiring: Data Analyst Intern (Excel, SQL, Power BI)We are looking for enthusiastic and motivated Data Analyst Interns who want to gain hands-on experience and work on real-world data analytics projects.🔍 Role & ResponsibilitiesAnalyze datasets using Excel, SQL, and Power BIPerform data cleaning, transformation, and validationCreate interactive dashboards and reportsExtract insights to support business decision-making✅ Eligibility CriteriaFreshers are also welcomeBasic understanding of Excel / SQL / Power BIStrong analytical and problem-solving skillsWillingness to learn and grow in the analytics domain🌐 Internship Details📍 Mode: Virtual / Remote⏳ Duration: Flexible💰 Stipend: Not stipend based🌟 Perks & BenefitsHands-on practical exposureInternship CertificateSkill enhancement through real projects⭐ Top performers will get 100% placement support📌 How to ApplyInterested candidates can apply by clicking on the “Apply” option.",2026-07-03T15:40:08.741977,,,li_264b29efed,,,India,2026-07-03T15:40:08.741977,,Wake Up Whistle,,LinkedIn,,
DevOps Engineer - AI Trainer,False,,,False,"https://www.glassdoor.co.in/job-listing/devops-engineer-ai-trainer-dataannotation-JV_KO0,26_KE27,41.htm?jl=1010128416491",,Unknown,DevOps Engineer - AI Trainer at Unknown in India,2026-07-03T15:40:49.231195,,,gd_057686e6e8,,,India,2026-07-03T15:40:49.231195,,Unknown,,Glassdoor,,
Senior Software Engineer - AI Trainer,False,,,False,"https://www.glassdoor.co.in/job-listing/senior-software-engineer-ai-trainer-dataannotation-JV_KO0,35_KE36,50.htm?jl=1010128416590",,Unknown,Senior Software Engineer - AI Trainer at Unknown in India,2026-07-03T15:40:49.231195,,,gd_d4d0cf0cd8,,,India,2026-07-03T15:40:49.231195,,Unknown,,Glassdoor,,
Platform Engineer - AI Trainer,False,,,False,"https://www.glassdoor.co.in/job-listing/platform-engineer-ai-trainer-dataannotation-JV_KO0,28_KE29,43.htm?jl=1010128416553",,Unknown,Platform Engineer - AI Trainer at Unknown in India,2026-07-03T15:40:49.231195,,,gd_fd0d8550b6,,,India,2026-07-03T15:40:49.231195,,Unknown,,Glassdoor,,
Senior Software Developer - AI Trainer,False,,,False,"https://www.glassdoor.co.in/job-listing/senior-software-developer-ai-trainer-dataannotation-JV_KO0,36_KE37,51.htm?jl=1010128416566",,Unknown,Senior Software Developer - AI Trainer at Unknown in Delhi,2026-07-03T15:40:49.231195,,,gd_234ab53568,,,Delhi,2026-07-03T15:40:49.231195,,Unknown,,Glassdoor,,
Global IT Platform Engineer Senior Specialist,False,,,False,"https://www.glassdoor.co.in/job-listing/global-it-platform-engineer-senior-specialist-boston-consulting-group-JV_KO0,45_KE46,69.htm?jl=1010157040856",,Unknown,Global IT Platform Engineer Senior Specialist at Unknown in India,2026-07-03T15:40:49.231195,,,gd_c6774d1bc6,,,India,2026-07-03T15:40:49.231195,,Unknown,,Glassdoor,,
Full Stack Engineer - AI Trainer,False,,,False,"https://www.glassdoor.co.in/job-listing/full-stack-engineer-ai-trainer-dataannotation-JV_KO0,30_KE31,45.htm?jl=1010128416567",,Unknown,Full Stack Engineer - AI Trainer at Unknown in Delhi,2026-07-03T15:40:49.231195,,,gd_688b350c99,,,Delhi,2026-07-03T15:40:49.231195,,Unknown,,Glassdoor,,
Data Engineer,False,,,False,https://in.linkedin.com/jobs/view/data-engineer-at-konovo-4436422082,,Unknown,"Konovo is a global healthcare intelligence company on a mission to transform research through technology- enabling faster, better, connected insights.Konovo provides healthcare organisations with access to over 2 million healthcare professionals—the largest network of its kind globally. With a workforce of over 200 employees across 5 countries: India, Bosnia and Herzegovina, the United Kingdom, Mexico, and the United States, we collaborate to support some of the most prominent names in healthcare. Our customers include over 300 global pharmaceutical companies, medical device manufacturers, research agencies, and consultancy firms.As we transition from a service-oriented model to a product-driven platform, we are expanding our hybrid Bengaluru team. We are looking for an experienced data engineer to contribute to our mission by deep-diving into business problems, building out our data lakehouse and contributing to our advanced analytics. As a Konovo engineer, you will unlock the power of our data, learn a breadth of technologies and aspects of data engineering, help us optimize and solve some of our greatest challenges!How You'll Make an ImpactBuild and own production-grade batch ELT pipelines in Databricks/Spark (15-minute cadence during working hours; hourly off-hours) Design, scale, and operate our lakehouse using medallion patterns (Bronze/Silver/Gold), including incremental loads, backfills, and late-arriving data handling Create curated, well-documented data products that are reusable across teams and trusted for decision-making Improve reliability through automated testing, monitoring/alerting, and clear SLAs for critical pipelines and tables Partner with engineering and business stakeholders to translate needs into durable data models (not one-off extracts) Ensure data governance and security expectations are met through disciplined implementation (access controls, lineage, and quality standards) What We're Looking For5+ years building and operating production data pipelines (data engineering—not primarily BI/analytics or data science) Strong SQL plus strong data modeling skills (dimensional and/or lakehouse modeling) Hands-on Databricks + Spark experience in production (debugging, performance tuning, cost awareness) Experience building batch ELT at frequent cadence (e.g., 15-minute schedules), including idempotency, backfills, and late-arriving data patterns Experience with orchestration and transformation tooling (e.g., Airflow + dbt) and modern development practices (version control, CI/CD) Strong data quality discipline: automated tests/expectations, monitoring/alerting, and clear SLAs for critical datasets Ownership mindset: you build it, you run it (triage, incident response, continuous improvement) Clear written and verbal communication for engineering work (requirements clarification, design docs, tradeoffs) Comfortable working hybrid in Bengaluru (Whitefield) and overlapping 3–4 hours with EST Bonus Points:Deep Delta Lake experience (schema evolution, OPTIMIZE/Z-ORDER, compaction, partitioning strategy) CDC ingestion patterns (e.g., Debezium/Fivetran/HVR or custom CDC) and handling late/out-of-order events Streaming or near-real-time pipelines (Structured Streaming, Kafka, Auto Loader) even if the core role is batch Strong observability practices for data systems (metrics, lineage, data contracts, incident postmortems) Cost and performance optimization in Databricks (cluster sizing, job tuning, Photon, caching strategies) Experience building governed data products for multi-tenant consumption (RBAC, PII handling, auditability) Exposure to healthcare, life sciences, or market research data and related compliance considerations Why Join Konovo?Be part of a mission-driven organization that is shaping the future of healthcare decision-making. Join a fast-growing global team with opportunities for professional growth and advancement. Enjoy a collaborative and hybrid work environment that fosters innovation and flexibility. Experience a workplace that puts employees first, offering a workplace designed for growth, well-being, and balance. Become a part of an organization that prioritizes your well-being with comprehensive benefits, including group medical coverage, accident insurance, and a robust leave policy. Make a real-world impact by helping healthcare organizations innovate faster. If you're eager to build a meaningful career in healthcare market research — and you're smart, nice, and driven to make an impact — we'd love to hear from you!Apply now to be part of our journey.",2026-07-03T16:07:28.783073,,,li_57377301ba,,,"Bengaluru, Karnataka, India",2026-07-03T16:07:28.783073,,Konovo,,LinkedIn,,
Data Engineer II,False,,,False,https://in.linkedin.com/jobs/view/data-engineer-ii-at-phenom-4436726850,,Unknown,"Job RequirementsPhenom Intro:Our purpose is to help a billion people find the right job! Phenom is an AI-Powered talent experience platform that is redefining the HR tech space. We have grown into a global organization with offices in 6 countries and over 2,000 employees. As an HR tech unicorn organization, innovation and creativity is within our DNA. Come help us make every talent moment Phenomenal!Job SummaryPhenom People is looking for an experienced Data Engineer to optimize and enhance our data pipelines that power insights across the organization. This role focuses on improving performance, ensuring data quality, automating pipeline development, and enabling data sharing through scalable and secure mechanisms.The ideal candidate will have strong expertise in PySpark, SQL optimization, and experience with data sharing platforms such as DataHub. You’ll collaborate closely with data engineering, platform, and analytics teams to modernize our data ecosystem built on Airflow, Livy, EMR, Flink, Iceberg, and Snowflake.If you’re passionate about performance tuning, automation, and building resilient data systems — we’d love to hear from you.What You’ll DoOptimize existing data pipelines built using PySpark for performance and scalability.Review and tune SQL queries to improve execution time and resource utilization.Design and develop new batch data pipelines that meet evolving business needs (real-time decisioning is not required; systems can tolerate up to 6 hours of delay).Automate pipeline generation and metadata management to streamline development.Implement data quality and validation frameworks to ensure reliability and trust in data assets.Collaborate with teams to integrate and share data via DataHub, leveraging connectors such as SFTP and Snowflake Data Share.Enhance observability by integrating and monitoring pipelines through Grafana and other telemetry tools.Work closely with other engineers to improve coding practices and leverage AI-powered developer assistants like Cursor, Copilot, or Windsurf for productivity.Participate in design reviews, documentation, and operational support for production systems.Work ExperienceWhat You’ve Done5–8 years of experience as a Data Engineer working with large-scale distributed data systems.Strong proficiency in Python (especially PySpark) and hands-on experience optimizing Spark jobs on EMR or similar environments.Deep knowledge of SQL tuning and query optimization across analytical databases (preferably Snowflake).Experience working with Airflow for workflow orchestration and Livy for Spark job management.Exposure to Flink and Apache Iceberg for batch or incremental data processing.Strong understanding of data quality frameworks, testing, and validation techniques.Familiarity with DataHub or similar data catalog and sharing platforms.Experience setting up dashboards and alerts in Grafana or equivalent monitoring tools.Exposure to AI coding assistants (Cursor, GitHub Copilot, Windsurf) for accelerating development is a plus.Passionate about automation, continuous improvement, and building scalable, maintainable systems.BenefitsWe want you to be your best self and to pursue your passions!Health and wellness benefits/programs to support holistic employee health.Flexible hours and working schedules, as well as parental leave for new parents.Growing organization with career pathing and development opportunities.Tons of perks and extras in every location for all Phenoms!Diversity, Equity, & InclusionOur commitment to diversity runs deep! Diversity is essential to building phenomenal teams, products, and customer experiences. Phenom is proud to be an equal opportunity employer taking collective action to build a more inclusive environment where every candidate and employee feels welcomed.We recognize there is more to be done. Our teams are committed to continuous improvement until these powerful ideas are ingrained in our culture for Phenom and employers everywhere!",2026-07-03T16:07:28.783073,,,li_d1c8daf13d,,,"Hyderabad, Telangana, India",2026-07-03T16:07:28.783073,,Phenom,,LinkedIn,,
Data Engineer III,False,,,False,https://in.linkedin.com/jobs/view/data-engineer-iii-at-expedia-group-4435285455,,Unknown,"At Expedia Group, we help travelers explore the world, one journey at a time. As a global travel company powered by passionate people, trusted partnerships, and leading technology, we connect travelers, partners, and advertisers through our consumer brands, B2B network, and travel advertising business.Here, you'll do meaningful work that helps millions of people discover, book, and experience travel with more ease, confidence, and joy. Our five Behaviors-Traveler First, Think Big, Operate with Excellence, Ownership Mindset, and Succeed Together-help foster a supportive environment where people can grow their careers and have the flexibility, benefits, and support to do their best work. Join us and build for travelers everywhere.Introduction to the teamWe build the intelligence layer for Expedia Group’s advertising supply. Our systems forecast ad inventory, track delivery accuracy, and flag at‑risk campaigns across global markets. Advertisers use our forecasts to plan and book with confidence; Revenue Operations uses our risk signals to prevent under-delivery.As a Data Engineer III on M&I Forecasting, you will own and scale the data foundations behind ad inventory forecasting. You’ll design, build, and operate pipelines, analytics layers, and impression data models that power forecast accuracy measurement, pacing analysis, and delivery risk detection across global markets. You’ll drive data quality, lineage, and observability, partnering with data science and engineering to improve forecast performance.In This Role, You Will Design, build, and enhance scalable, secure, and reliable data pipelines and services that enable analytics, experimentation, and product features across multiple business domains. Develop, optimize, and maintain batch and streaming data processing solutions, including data modeling, schema evolution, and API design to support downstream consumers and applications. Implement robust data quality, validation, monitoring, and observability practices to ensure accuracy, completeness, and timely availability of data for stakeholders. Collaborate with engineers, product managers, analysts, and data scientists to translate business and analytical requirements into well-architected data solutions and reusable components. Apply and extend engineering best practices for performance, reliability, and cost efficiency, including testing, CI/CD, deployment automation, and operational runbooks for data systems. Safely integrate and operate AI/ML‑enabled solutions that improve outcomes, including familiarity with AI-driven systems, tools, or workflows and applying AI/ML concepts to real world products.Minimum Qualifications Bachelor’s degree in Computer Science or a related technical field; or Equivalent related professional experience. 5+ years of relevant professional experience Proficiency in at least one modern programming language used for data engineering (such as Java, Scala, Python, or similar), along with strong skills in SQL and data modeling for analytical and operational use cases. Hands-on experience with data processing frameworks and storage technologies (for example, distributed processing, stream processing, and large-scale data warehouses or data lakes), with clear ownership for the reliability and performance of services you build. Familiarity with AI-driven systems, tools, or workflows and applying AI/ML concepts to real world products, including integrating AI/ML‑enabled capabilities into data pipelines under established guidelines.Preferred Qualifications Demonstrated experience designing and evolving end-to-end data architectures for complex domains, including system design (LLD), API design, and schema/data model definition to support high-scale, multi-tenant use cases. Proven track record operating large-scale data systems in production, including performance tuning, capacity planning, monitoring/alerting, incident response, and continuous improvement of reliability and cost efficiency. Experience driving technical direction for data solutions within a team or domain, influencing data standards, tooling, and best practices, and mentoring other engineers on data engineering patterns. Strong background using experimentation, metrics, and data-driven insights to guide technical decisions, optimize pipelines, and improve the usability and discoverability of data across multiple products or domains. Safely integrates and operates AI/ML‑enabled solutions that improve outcomes, with hands-on experience enabling AI-powered analytics, features, or developer workflows on data platforms (for example, feature pipelines for ML models, AI-assisted data quality, or intelligent observability), and familiarity with AI-driven systems, tools, or workflows and applying AI/ML concepts to real world products.Accommodation requestsExpedia Group is committed to providing an inclusive and accessible recruiting experience. If you need an accommodation or adjustment due to a disability during the application or recruiting process, please submit a request at https://expedia.service-now.com/askeg?id=job_accommodation.About Expedia GroupExpedia Group includes three flagship consumer brands - Expedia, Hotels.com, and Vrbo - along with a leading B2B travel business and travel advertising offerings. Across our brands and business, we help travelers explore the world with confidence and ease.Important noticeEmployment opportunities and job offers at Expedia Group will always come from Expedia Group's Talent Acquisition and hiring teams. Never share sensitive personal information unless you are confident of the recipient. Expedia Group does not extend job offers via email or messaging tools to individuals with whom we have not made prior contact. Our email domain is @expediagroup.com. The official place to find and apply for roles is https://careers.expediagroup.com/jobs/.Equal OpportunityExpedia is committed to creating an inclusive work environment with a diverse workforce. All qualified applicants will receive consideration for employment without regard to race, religion, gender, sexual orientation, national origin, disability or age.",2026-07-03T16:07:28.783073,,,li_19583853be,,,"Bengaluru, Karnataka, India",2026-07-03T16:07:28.783073,,Expedia Group,,LinkedIn,,
